keyword,value,type,lang_code
.,",",thousands,spa
",",.,decimal,spa
fecha/hora,date/time,column,spa
Id. de liquidación,settlement id,column,spa
tipo ,type,column,spa
Id. del pedido,order id,column,spa
sku,sku,column,spa
descripción,description,column,spa
cantidad,quantity,column,spa
marketplace,marketplace,column,spa
cumplimiento,fulfillment,column,spa
ciudad del pedido,order city,column,spa
estado del pedido,order state,column,spa
código postal del pedido,order postal,column,spa
modelo de recaudación de impuestos,tax collection model,column,spa
ventas de productos,product sales,column,spa
impuesto de ventas de productos,product sales tax,column,spa
créditos de envío,shipping credits,column,spa
impuesto de abono de envío,shipping credits tax,column,spa
créditos por envoltorio de regalo,gift wrap credits,column,spa
impuesto de créditos de envoltura,giftwrap credits tax,column,spa
Tarifa reglamentaria,Regulatory Fee,column,spa
Impuesto sobre tarifa reglamentaria,Tax On Regulatory Fee,column,spa
descuentos promocionales,promotional rebates,column,spa
impuesto de reembolsos promocionales,promotional rebates tax,column,spa
impuesto de retenciones en la plataforma,marketplace withheld tax,column,spa
tarifas de venta,selling fees,column,spa
tarifas fba,fba fees,column,spa
tarifas de otra transacción,other transaction fees,column,spa
otro,other,column,spa
total,total,column,spa
Pedido,Order,text_type,spa
Reembolso,Refunnd,text_type,spa
Tarifas de inventario de Logística de Amazon,,text_type,spa
Aujuste,,text_type,spa
Transferir,Transfer,text_type,spa
Suscripción,Subscription,text_description,spa
Tarifa de almacenamiento de Logística de Amazon,FBA Inventory Storage Fee,text_description,spa
FBA Inventory Reimbursement - Customer Return,FBA Inventory Reimbursement - Customer Return,text_description,spa
",",",",thousands,eng
date/time,date/time,column,eng
settlement id,settlement id,column,eng
type,type,column,eng
order id,order id,column,eng
sku,sku,column,eng
description,description,column,eng
quantity,quantity,column,eng
marketplace,marketplace,column,eng
fulfillment,fulfillment,column,eng
order city,order city,column,eng
order state,order state,column,eng
order postal,order postal,column,eng
tax collection model,tax collection model,column,eng
product sales,product sales,column,eng
product sales tax,product sales tax,column,eng
shipping credits,shipping credits,column,eng
shipping credits tax,shipping credits tax,column,eng
gift wrap credits,gift wrap credits,column,eng
giftwrap credits tax,giftwrap credits tax,column,eng
Regulatory fee,Regulatory fee,column,eng
Tax on regulatory fee,Tax on regulatory fee,column,eng
promotional rebates,promotional rebates,column,eng
promotional rebates tax,promotional rebates tax,column,eng
marketplace withheld tax,marketplace withheld tax,column,eng
selling fees,selling fees,column,eng
fba fees,fba fees,column,eng
other transaction fees,other transaction fees,column,eng
other,other,column,eng
total,total,column,eng
Order,Order,text_type,eng
Service Fee,Service Fee,text_type,eng
Fee Adjustment,Fee Adjustment,text_type,eng
Transfer,Transfer,text_type,eng
Refund,Refund,text_type,eng
FBA Inventory Fee,FBA Inventory Fee,text_type,eng
Subscription,Subscription,text_description,eng
Cost of Advertising,Cost of Advertising,text_description,eng
Fee Adjustment – Weight and Dimension Change,Fee Adjustment – Weight and Dimension Change,text_description,eng
FBA Inventory Storage Fee,FBA Inventory Storage Fee,text_description,eng
DD MMM YYYY HH:mm:ss,DD MMM YYYY HH:mm:ss,datetime,spa
"MMM DD, YYYY HH:mm:ss","MMM DD, YYYY HH:mm:ss",datetime,eng
