{
  "pageInfo": {
    "tite" :"Trang chủ",
    "description": "Giới thiệu dịch vụ ...."
  },
  "field_config" :
  [
    {
      "name":"Banner",
      "description": "",
      "fields":[
        {
          "name":"Ảnh slide",
          "key":"slide_banner",
          "type":"file",
          "ext": "jpg,png,jpec",
          "class":"col-6",
          "required" : true,
          "placeholder": ""

        },
        {
          "name":"Tiêu đề",
          "key":"title_banner",
          "type":"text",
          "class":"col-6",
          "required" : true,
          "placeholder": "DP Cargo ...."
        },
        {
          "name":"Mô tả",
          "key":"description_banner",
          "type":"text",
          "class":"col-6",
          "required" : true,
          "placeholder": "Thu hẹp ...."
        },
        {
          "name":"Tiêu đề Button",
          "key":"title_button_banner",
          "type":"text",
          "class":"col-6",
          "required" : true,
          "placeholder": "DP Cargo ...."
        },
        {
          "name":"Link button",
          "key":"url_button_banner",
          "type":"text",
          "class":"col-6",
          "required" : true,
          "placeholder": "https://dp-cargo.com/bang-gia"
        }
      ]
    },
    {
      "name":"Banner",
      "description": "",
      "fields":[
        {
          "name":"Ảnh slide",
          "key":"slide_banner",
          "type":"file",
          "ext": "jpg,png,jpec",
          "class":"col-6",
          "required" : true,
          "placeholder": ""
        },
        {
          "name":"Tiêu đề",
          "key":"title_banner",
          "type":"text",
          "class":"col-6",
          "required" : true,
          "placeholder": "DP Cargo ...."
        },
        {
          "name":"Mô tả",
          "key":"description_banner",
          "type":"text",
          "class":"col-6",
          "required" : true,
          "placeholder": "Thu hẹp ...."
        },
        {
          "name":"Tiêu đề Button",
          "key":"title_button_banner",
          "type":"text",
          "class":"col-6",
          "required" : true,
          "placeholder": "DP Cargo ...."
        },
        {
          "name":"Link button",
          "key":"url_button_banner",
          "type":"text",
          "class":"col-6",
          "required" : true,
          "placeholder": "https://dp-cargo.com/bang-gia"
        }
      ]
    }
  ]
}
